{"cameraMode":{"drawMode":0,"name":"Shaded","section":"Shading Mode"},"sceneLighting":false,"audioPlay":false,"sceneViewState":{"showFog":true,"showMaterialUpdate":false,"showSkybox":false,"showFlares":true,"showImageEffects":true,"showParticleSystems":true},"in2DMode":false,"pivot":{"x":484.29248046875,"y":598.0889892578125,"z":7.73248291015625},"rotation":{"x":-0.07529003918170929,"y":0.11846886575222016,"z":-0.009001361206173897,"w":-0.9900720715522766},"size":769.987060546875,"orthographic":false}