{"cameraMode":{"drawMode":0,"name":"Shaded","section":"Shading Mode"},"sceneLighting":true,"audioPlay":false,"sceneViewState":{"showFog":true,"showMaterialUpdate":false,"showSkybox":true,"showFlares":true,"showImageEffects":true,"showParticleSystems":true},"in2DMode":false,"pivot":{"x":529.5460205078125,"y":296.4151916503906,"z":-2.7454833984375},"rotation":{"x":0.035943299531936648,"y":0.010493872687220574,"z":-0.0003771993506234139,"w":0.9993036985397339},"size":509.48150634765627,"orthographic":false}