{"cameraMode":{"drawMode":0,"name":"Shaded","section":"Shading Mode"},"sceneLighting":true,"audioPlay":false,"sceneViewState":{"showFog":true,"showMaterialUpdate":false,"showSkybox":true,"showFlares":true,"showImageEffects":true,"showParticleSystems":true},"in2DMode":false,"pivot":{"x":184.7512664794922,"y":94.66285705566406,"z":13.034912109375},"rotation":{"x":0.013803182169795037,"y":0.029988102614879609,"z":-0.0004136165080126375,"w":0.9994553923606873},"size":552.347412109375,"orthographic":false}