{"cameraMode":{"drawMode":0,"name":"Shaded","section":"Shading Mode"},"sceneLighting":false,"audioPlay":false,"sceneViewState":{"showFog":true,"showMaterialUpdate":false,"showSkybox":false,"showFlares":true,"showImageEffects":true,"showParticleSystems":true},"in2DMode":false,"pivot":{"x":0.33457621932029726,"y":23.526065826416017,"z":-1.755089282989502},"rotation":{"x":-0.045794203877449039,"y":-0.9402852654457092,"z":0.3067128658294678,"w":-0.14038531482219697},"size":9.070002555847168,"orthographic":false}