{"cameraMode":{"drawMode":0,"name":"Shaded","section":"Shading Mode"},"sceneLighting":true,"audioPlay":false,"sceneViewState":{"showFog":true,"showMaterialUpdate":false,"showSkybox":true,"showFlares":true,"showImageEffects":true,"showParticleSystems":true},"in2DMode":false,"pivot":{"x":-24.010009765625,"y":62.83769226074219,"z":144.80355834960938},"rotation":{"x":0.07339946925640106,"y":-0.8624861240386963,"z":0.13053986430168153,"w":0.48364707827568056},"size":50.74495315551758,"orthographic":false}