{"cameraMode":{"drawMode":0,"name":"Shaded","section":"Shading Mode"},"sceneLighting":true,"audioPlay":false,"sceneViewState":{"showFog":true,"showMaterialUpdate":false,"showSkybox":true,"showFlares":true,"showImageEffects":true,"showParticleSystems":true},"in2DMode":false,"pivot":{"x":9.439105987548829,"y":0.9243135452270508,"z":1.7686388492584229},"rotation":{"x":0.13926845788955689,"y":0.7592403292655945,"z":-0.17281995713710786,"w":0.611833930015564},"size":5.312058448791504,"orthographic":false}