{"cameraMode":{"drawMode":0,"name":"Shaded","section":"Shading Mode"},"sceneLighting":false,"audioPlay":false,"sceneViewState":{"showFog":true,"showMaterialUpdate":false,"showSkybox":false,"showFlares":true,"showImageEffects":true,"showParticleSystems":true},"in2DMode":false,"pivot":{"x":11.33664608001709,"y":-4.609046936035156,"z":1.314671277999878},"rotation":{"x":-0.17599883675575257,"y":-0.6670360565185547,"z":0.16663971543312074,"w":-0.7045022249221802},"size":17.32849884033203,"orthographic":false}