{"cameraMode":{"drawMode":0,"name":"Shaded","section":"Shading Mode"},"sceneLighting":false,"audioPlay":false,"sceneViewState":{"showFog":true,"showMaterialUpdate":false,"showSkybox":false,"showFlares":true,"showImageEffects":true,"showParticleSystems":true},"in2DMode":false,"pivot":{"x":0.0,"y":0.04999744892120361,"z":0.20000001788139344},"rotation":{"x":-0.236221581697464,"y":0.6538100838661194,"z":-0.22636716067790986,"w":-0.6822746992111206},"size":3.369400978088379,"orthographic":false}