{"cameraMode":{"drawMode":0,"name":"Shaded","section":"Shading Mode"},"sceneLighting":false,"audioPlay":false,"sceneViewState":{"showFog":true,"showMaterialUpdate":false,"showSkybox":false,"showFlares":true,"showImageEffects":true,"showParticleSystems":true},"in2DMode":false,"pivot":{"x":0.19999998807907105,"y":0.050000011920928958,"z":0.0},"rotation":{"x":-0.045048266649246219,"y":-0.7169544100761414,"z":0.04653050750494003,"w":-0.6941072344779968},"size":3.3693952560424806,"orthographic":false}