{"cameraMode":{"drawMode":0,"name":"Shaded","section":"Shading Mode"},"sceneLighting":true,"audioPlay":false,"sceneViewState":{"showFog":true,"showMaterialUpdate":false,"showSkybox":true,"showFlares":true,"showImageEffects":true,"showParticleSystems":true},"in2DMode":false,"pivot":{"x":-0.7191919088363648,"y":3.3444817066192629,"z":-11.410893440246582},"rotation":{"x":0.0050924113020300869,"y":0.9946790337562561,"z":0.08703238517045975,"w":-0.05696147680282593},"size":17.484066009521486,"orthographic":false}