{"cameraMode":{"drawMode":0,"name":"Shaded","section":"Shading Mode"},"sceneLighting":false,"audioPlay":false,"sceneViewState":{"showFog":true,"showMaterialUpdate":false,"showSkybox":false,"showFlares":true,"showImageEffects":true,"showParticleSystems":true},"in2DMode":false,"pivot":{"x":0.41663074493408205,"y":1.3190765380859376,"z":-0.38409996032714846},"rotation":{"x":0.0322163961827755,"y":0.9563314914703369,"z":-0.11561588197946549,"w":0.2665276527404785},"size":3.4973254203796388,"orthographic":false}