{"cameraMode":{"drawMode":0,"name":"Shaded","section":"Shading Mode"},"sceneLighting":false,"audioPlay":false,"sceneViewState":{"showFog":true,"showMaterialUpdate":false,"showSkybox":false,"showFlares":true,"showImageEffects":true,"showParticleSystems":true},"in2DMode":false,"pivot":{"x":-0.169677734375,"y":-0.21448326110839845,"z":1.2665574550628663},"rotation":{"x":-0.06835171580314636,"y":-0.688772976398468,"z":0.06549853086471558,"w":-0.7187722325325012},"size":17.12824249267578,"orthographic":false}