{"cameraMode":{"drawMode":0,"name":"Shaded","section":"Shading Mode"},"sceneLighting":true,"audioPlay":false,"sceneViewState":{"showFog":true,"showMaterialUpdate":false,"showSkybox":true,"showFlares":true,"showImageEffects":true,"showParticleSystems":true},"in2DMode":false,"pivot":{"x":-21.921337127685548,"y":8.061248779296875,"z":-12.455621719360352},"rotation":{"x":0.3808857500553131,"y":-0.292767733335495,"z":0.1923874020576477,"w":0.8556872606277466},"size":5.035312175750732,"orthographic":false}