{"cameraMode":{"drawMode":0,"name":"Shaded","section":"Shading Mode"},"sceneLighting":true,"audioPlay":false,"sceneViewState":{"showFog":true,"showMaterialUpdate":false,"showSkybox":true,"showFlares":true,"showImageEffects":true,"showParticleSystems":true},"in2DMode":false,"pivot":{"x":-5.206007957458496,"y":17.07916259765625,"z":-15.932380676269532},"rotation":{"x":-0.18023663759231568,"y":0.6190240979194641,"z":-0.22548048198223115,"w":-0.73040372133255},"size":5.434490203857422,"orthographic":false}